<?xml version="1.0" encoding="UTF-8"?>
<metadata xml:lang="es"><Esri><CreaDate>20230629</CreaDate><CreaTime>09461400</CreaTime><ArcGISFormat>1.0</ArcGISFormat><SyncOnce>TRUE</SyncOnce><DataProperties><lineage><Process ToolSource="c:\program files (x86)\arcgis\desktop10.8\ArcToolbox\Toolboxes\Data Management Tools.tbx\CalculateField" Date="20230628" Time="145837">CalculateField IPG2022_v2 ESP_MED ([AREA_KM2]^0.357)*28.5 VB #</Process><Process ToolSource="c:\program files (x86)\arcgis\desktop10.8\ArcToolbox\Toolboxes\Data Management Tools.tbx\CalculateField" Date="20230628" Time="150406">CalculateField IPG2022_v2 VOL_km3 "([ESP_MED]/1000) * [AREA_KM2]" VB #</Process><Process ToolSource="c:\program files (x86)\arcgis\desktop10.8\ArcToolbox\Toolboxes\Data Management Tools.tbx\CalculateField" Date="20230628" Time="151054">CalculateField IPG2022_v2 EQ_AGUAKM3 [VOL_km3]*0.85 VB #</Process><Process ToolSource="c:\program files (x86)\arcgis\desktop10.8\ArcToolbox\Toolboxes\Data Management Tools.tbx\CalculateField" Date="20230628" Time="151438">CalculateField IPG2022_v2 VOL_km3 "([ESP_MED]/1000) * [AREA_KM2]" VB #</Process><Process ToolSource="c:\program files (x86)\arcgis\desktop10.8\ArcToolbox\Toolboxes\Data Management Tools.tbx\CalculateField" Date="20230628" Time="151539">CalculateField IPG2022_v2 VOL_km3 "[VOL_km3] *0.6" VB #</Process><Process ToolSource="c:\program files (x86)\arcgis\desktop10.8\ArcToolbox\Toolboxes\Data Management Tools.tbx\CalculateField" Date="20230628" Time="151606">CalculateField IPG2022_v2 EQ_AGUAKM3 [VOL_km3]*0.917 VB #</Process><Process ToolSource="c:\program files (x86)\arcgis\desktop10.8\ArcToolbox\Toolboxes\Data Management Tools.tbx\CalculateField" Date="20230628" Time="151656">CalculateField IPG2022_v2 OBSERVACIO "" VB #</Process><Process ToolSource="c:\program files (x86)\arcgis\desktop10.8\ArcToolbox\Toolboxes\Data Management Tools.tbx\CalculateField" Date="20230628" Time="151848">CalculateField IPG2022_v2 ERROR "([RESOL_IMG]/1000) * [PERIMETRO]" VB #</Process><Process ToolSource="c:\program files (x86)\arcgis\desktop10.8\ArcToolbox\Toolboxes\Data Management Tools.tbx\CalculateField" Date="20230629" Time="102448">CalculateField IPG2022_v2_oficial ESP_MED ([AREA_KM2]^0.357)*28.5 VB #</Process><Process ToolSource="c:\program files (x86)\arcgis\desktop10.8\ArcToolbox\Toolboxes\Data Management Tools.tbx\CalculateField" Date="20230629" Time="102552">CalculateField IPG2022_v2_oficial VOL_km3 "([ESP_MED]/1000)* [AREA_KM2]" VB #</Process><Process ToolSource="c:\program files (x86)\arcgis\desktop10.8\ArcToolbox\Toolboxes\Data Management Tools.tbx\CalculateField" Date="20230629" Time="102637">CalculateField IPG2022_v2_oficial EQ_AGUAKM3 [VOL_km3]*0.85 VB #</Process><Process ToolSource="c:\program files (x86)\arcgis\desktop10.8\ArcToolbox\Toolboxes\Data Management Tools.tbx\CalculateField" Date="20230629" Time="102723">CalculateField IPG2022_v2_oficial ERROR "([RESOL_IMG]/1000) * [PERIMETRO]" VB #</Process><Process ToolSource="c:\program files (x86)\arcgis\desktop10.8\ArcToolbox\Toolboxes\Data Management Tools.tbx\CalculateField" Date="20230710" Time="102207">CalculateField IPG2022_v2 ERROR "([RESOL_IMG]/1000)* [PERIMETRO]" VB #</Process><Process ToolSource="c:\program files (x86)\arcgis\desktop10.8\ArcToolbox\Toolboxes\Data Management Tools.tbx\CalculateField" Date="20230710" Time="102511">CalculateField IPG2022_v2 ESP_MED ([AREA_KM2]^0.357)*28.5 VB #</Process><Process ToolSource="c:\program files (x86)\arcgis\desktop10.8\ArcToolbox\Toolboxes\Data Management Tools.tbx\CalculateField" Date="20230710" Time="102614">CalculateField IPG2022_v2 VOL_km3 "([ESP_MED]/1000)* [AREA_KM2]" VB #</Process><Process ToolSource="c:\program files (x86)\arcgis\desktop10.8\ArcToolbox\Toolboxes\Data Management Tools.tbx\CalculateField" Date="20230710" Time="102848">CalculateField IPG2022_v2 EQ_AGUAKM3 [VOL_km3]*0.85 VB #</Process></lineage><itemProps><itemLocation><linkage Sync="TRUE">file://\\DGA-13ASEGOVIA2\F$\2023\IPG2022_v2\IPG2022_v2_oficial_29_06_2023\IPG2022_v2</linkage><protocol Sync="TRUE">Local Area Network</protocol></itemLocation></itemProps><copyHistory><copy source="F:\2023\IPG2022_v2\IPG2022_V2_Completo_28_06_2023\IPG2022_v2" dest="\\DGA-13ASEGOVIA2\F$\2023\IPG2022_v2\IPG2022_v2_oficial_29_06_2023\IPG2022_v2" date="20230629" time="09461400"></copy></copyHistory></DataProperties></Esri></metadata>
